id_product;product_name;id_tax_rules_group
391;"PMMA Coulé Fumé Bronze Foncé Transparent Altuglas® 100 16032 - 3mm";0
391;"PMMA Coulé Fumé Bronze Foncé Transparent Altuglas® 100 16032 - 3mm";0
538;"PMMA Coulé Gris clair STONE Setacryl® 44 411 - 3mm";0
538;"PMMA Coulé Gris clair STONE Setacryl® 44 411 - 3mm";0
16632;"Plexiglass Coulé Ivoire Altuglas® 100 21013 - 3mm";0
16632;"Plexiglass Coulé Ivoire Altuglas® 100 21013 - 3mm";0
16632;"Plexiglass Coulé Ivoire Altuglas® 100 21013 - 3mm";0
16804;"Plexiglass Coulé Ivoire Altuglas® 100 21013 - 3mm";0
16804;"Plexiglass Coulé Ivoire Altuglas® 100 21013 - 3mm";0
16804;"Plexiglass Coulé Ivoire Altuglas® 100 21013 - 3mm";0
16876;"Plexiglass Coulé Ivoire Altuglas® 100 21013 - 3mm16876";0
16876;"Plexiglass Coulé Ivoire Altuglas® 100 21013 - 3mm16876";0
16876;"Plexiglass Coulé Ivoire Altuglas® 100 21013 - 3mm16876";0
17259;"PMMA Coulé Fumé Bronze Foncé Transparent Altuglas® 100 16032 - 3mm17259";0
17259;"PMMA Coulé Fumé Bronze Foncé Transparent Altuglas® 100 16032 - 3mm17259";0
17259;"PMMA Coulé Fumé Bronze Foncé Transparent Altuglas® 100 16032 - 3mm17259";0
17259;"PMMA Coulé Fumé Bronze Foncé Transparent Altuglas® 100 16032 - 3mm17259";0
17317;"PMMA Coulé Fumé Bronze Foncé Transparent Altuglas® 100 16032 - 3mm17317";0
17317;"PMMA Coulé Fumé Bronze Foncé Transparent Altuglas® 100 16032 - 3mm17317";0
17317;"PMMA Coulé Fumé Bronze Foncé Transparent Altuglas® 100 16032 - 3mm17317";0
17317;"PMMA Coulé Fumé Bronze Foncé Transparent Altuglas® 100 16032 - 3mm17317";0
17331;"PMMA Coulé Fumé Bronze Foncé Transparent Altuglas® 100 16032 - 3mm17331";0
17331;"PMMA Coulé Fumé Bronze Foncé Transparent Altuglas® 100 16032 - 3mm17331";0
17331;"PMMA Coulé Fumé Bronze Foncé Transparent Altuglas® 100 16032 - 3mm17331";0
17331;"PMMA Coulé Fumé Bronze Foncé Transparent Altuglas® 100 16032 - 3mm17331";0
17332;"PMMA Coulé Fumé Bronze Foncé Transparent Altuglas® 100 16032 - 3mm17332";0
17332;"PMMA Coulé Fumé Bronze Foncé Transparent Altuglas® 100 16032 - 3mm17332";0
17332;"PMMA Coulé Fumé Bronze Foncé Transparent Altuglas® 100 16032 - 3mm17332";0
17332;"PMMA Coulé Fumé Bronze Foncé Transparent Altuglas® 100 16032 - 3mm17332";0
17333;"PMMA Coulé Fumé Bronze Foncé Transparent Altuglas® 100 16032 - 3mm17333";0
17333;"PMMA Coulé Fumé Bronze Foncé Transparent Altuglas® 100 16032 - 3mm17333";0
17333;"PMMA Coulé Fumé Bronze Foncé Transparent Altuglas® 100 16032 - 3mm17333";0
17333;"PMMA Coulé Fumé Bronze Foncé Transparent Altuglas® 100 16032 - 3mm17333";0
17440;"PMMA Coulé Fumé Bronze Foncé Transparent Altuglas® 100 16032 - 3mm17440";0
17440;"PMMA Coulé Fumé Bronze Foncé Transparent Altuglas® 100 16032 - 3mm17440";0
17440;"PMMA Coulé Fumé Bronze Foncé Transparent Altuglas® 100 16032 - 3mm17440";0
17440;"PMMA Coulé Fumé Bronze Foncé Transparent Altuglas® 100 16032 - 3mm17440";0
17441;"PMMA Coulé Fumé Bronze Foncé Transparent Altuglas® 100 16032 - 3mm17441";0
17441;"PMMA Coulé Fumé Bronze Foncé Transparent Altuglas® 100 16032 - 3mm17441";0
17441;"PMMA Coulé Fumé Bronze Foncé Transparent Altuglas® 100 16032 - 3mm17441";0
17441;"PMMA Coulé Fumé Bronze Foncé Transparent Altuglas® 100 16032 - 3mm17441";0
17442;"PMMA Coulé Fumé Bronze Foncé Transparent Altuglas® 100 16032 - 3mm17442";0
17442;"PMMA Coulé Fumé Bronze Foncé Transparent Altuglas® 100 16032 - 3mm17442";0
17442;"PMMA Coulé Fumé Bronze Foncé Transparent Altuglas® 100 16032 - 3mm17442";0
17442;"PMMA Coulé Fumé Bronze Foncé Transparent Altuglas® 100 16032 - 3mm17442";0
17443;"PMMA Coulé Fumé Bronze Foncé Transparent Altuglas® 100 16032 - 3mm17443";0
17443;"PMMA Coulé Fumé Bronze Foncé Transparent Altuglas® 100 16032 - 3mm17443";0
17443;"PMMA Coulé Fumé Bronze Foncé Transparent Altuglas® 100 16032 - 3mm17443";0
17443;"PMMA Coulé Fumé Bronze Foncé Transparent Altuglas® 100 16032 - 3mm17443";0
17444;"PMMA Coulé Fumé Bronze Foncé Transparent Altuglas® 100 16032 - 3mm17444";0
17444;"PMMA Coulé Fumé Bronze Foncé Transparent Altuglas® 100 16032 - 3mm17444";0
17444;"PMMA Coulé Fumé Bronze Foncé Transparent Altuglas® 100 16032 - 3mm17444";0
17444;"PMMA Coulé Fumé Bronze Foncé Transparent Altuglas® 100 16032 - 3mm17444";0
17949;;0
17949;;0
17949;;0
17949;"Plexiglas Diffusant blanc et coloré sur mesure";0
18188;"PMMA Coulé Fumé Bronze Foncé Transparent Altuglas® 100 16032 - 3mm - 18188";0
18188;"PMMA Coulé Fumé Bronze Foncé Transparent Altuglas® 100 16032 - 3mm - 18188";0
18188;"PMMA Coulé Fumé Bronze Foncé Transparent Altuglas® 100 16032 - 3mm - 18188";0
18188;"PMMA Coulé Fumé Bronze Foncé Transparent Altuglas® 100 16032 - 3mm - 18188";0
18463;"PMMA Coulé Fumé Bronze Foncé Transparent Altuglas® 100 16032 - 3mm - 18463";0
18463;"PMMA Coulé Fumé Bronze Foncé Transparent Altuglas® 100 16032 - 3mm - 18463";0
18463;"PMMA Coulé Fumé Bronze Foncé Transparent Altuglas® 100 16032 - 3mm - 18463";0
18463;"PMMA Coulé Fumé Bronze Foncé Transparent Altuglas® 100 16032 - 3mm - 18463";0
18467;"Plexiglass Coulé Ivoire Altuglas® 100 21013 - 3mm - 18467";0
18467;"Plexiglass Coulé Ivoire Altuglas® 100 21013 - 3mm - 18467";0
18467;"Plexiglass Coulé Ivoire Altuglas® 100 21013 - 3mm - 18467";0
18467;"Plexiglass Coulé Ivoire Altuglas® 100 21013 - 3mm - 18467";0
18600;"Plexiglass Coulé Ivoire Altuglas® 100 21013 - 3mm - 18600";0
18600;"Plexiglass Coulé Ivoire Altuglas® 100 21013 - 3mm - 18600";0
18600;"Plexiglass Coulé Ivoire Altuglas® 100 21013 - 3mm - 18600";0
18600;"Plexiglass Coulé Ivoire Altuglas® 100 21013 - 3mm - 18600";0
18603;"Plexiglass Coulé Ivoire Altuglas® 100 21013 - 3mm - 18603";0
18603;"Plexiglass Coulé Ivoire Altuglas® 100 21013 - 3mm - 18603";0
18603;"Plexiglass Coulé Ivoire Altuglas® 100 21013 - 3mm - 18603";0
18603;"Plexiglass Coulé Ivoire Altuglas® 100 21013 - 3mm - 18603";0
18630;"Plexiglass Coulé Ivoire Altuglas® 100 21013 - 3mm - 18630";0
18630;"Plexiglass Coulé Ivoire Altuglas® 100 21013 - 3mm - 18630";0
18630;"Plexiglass Coulé Ivoire Altuglas® 100 21013 - 3mm - 18630";0
18630;"Plexiglass Coulé Ivoire Altuglas® 100 21013 - 3mm - 18630";0
18633;"Plexiglass Coulé Ivoire Altuglas® 100 21013 - 3mm - 18633";0
18633;"Plexiglass Coulé Ivoire Altuglas® 100 21013 - 3mm - 18633";0
18633;"Plexiglass Coulé Ivoire Altuglas® 100 21013 - 3mm - 18633";0
18633;"Plexiglass Coulé Ivoire Altuglas® 100 21013 - 3mm - 18633";0
18634;"Plexiglass Coulé Ivoire Altuglas® 100 21013 - 3mm - 18634";0
18634;"Plexiglass Coulé Ivoire Altuglas® 100 21013 - 3mm - 18634";0
18634;"Plexiglass Coulé Ivoire Altuglas® 100 21013 - 3mm - 18634";0
18634;"Plexiglass Coulé Ivoire Altuglas® 100 21013 - 3mm - 18634";0
18635;"Plexiglass Coulé Ivoire Altuglas® 100 21013 - 3mm - 18635";0
18635;"Plexiglass Coulé Ivoire Altuglas® 100 21013 - 3mm - 18635";0
18635;"Plexiglass Coulé Ivoire Altuglas® 100 21013 - 3mm - 18635";0
18635;"Plexiglass Coulé Ivoire Altuglas® 100 21013 - 3mm - 18635";0
18636;"Plexiglass Coulé Ivoire Altuglas® 100 21013 - 3mm - 18636";0
18636;"Plexiglass Coulé Ivoire Altuglas® 100 21013 - 3mm - 18636";0
18636;"Plexiglass Coulé Ivoire Altuglas® 100 21013 - 3mm - 18636";0
18636;"Plexiglass Coulé Ivoire Altuglas® 100 21013 - 3mm - 18636";0
18637;"Plexiglass Coulé Ivoire Altuglas® 100 21013 - 3mm - 18637";0
18637;"Plexiglass Coulé Ivoire Altuglas® 100 21013 - 3mm - 18637";0
18637;"Plexiglass Coulé Ivoire Altuglas® 100 21013 - 3mm - 18637";0
18637;"Plexiglass Coulé Ivoire Altuglas® 100 21013 - 3mm - 18637";0
18649;"Plexiglass Coulé Ivoire Altuglas® 100 21013 - 3mm - 18649";0
18649;"Plexiglass Coulé Ivoire Altuglas® 100 21013 - 3mm - 18649";0
18649;"Plexiglass Coulé Ivoire Altuglas® 100 21013 - 3mm - 18649";0
18649;"Plexiglass Coulé Ivoire Altuglas® 100 21013 - 3mm - 18649";0
18650;"Plexiglass Coulé Ivoire Altuglas® 100 21013 - 3mm - 18650";0
18650;"Plexiglass Coulé Ivoire Altuglas® 100 21013 - 3mm - 18650";0
18650;"Plexiglass Coulé Ivoire Altuglas® 100 21013 - 3mm - 18650";0
18650;"Plexiglass Coulé Ivoire Altuglas® 100 21013 - 3mm - 18650";0
19387;"Plexiglass Coulé Ivoire Altuglas® 100 21013 - 3mm - 19387";0
19387;"Plexiglass Coulé Ivoire Altuglas® 100 21013 - 3mm - 19387";0
19387;"Plexiglass Coulé Ivoire Altuglas® 100 21013 - 3mm - 19387";0
19387;"Plexiglass Coulé Ivoire Altuglas® 100 21013 - 3mm - 19387";0
19546;"Plexiglass Coulé Ivoire Altuglas® 100 21013 - 3mm - 19546";0
19546;"Plexiglass Coulé Ivoire Altuglas® 100 21013 - 3mm - 19546";0
19546;"Plexiglass Coulé Ivoire Altuglas® 100 21013 - 3mm - 19546";0
19546;"Plexiglass Coulé Ivoire Altuglas® 100 21013 - 3mm - 19546";0
